source,native,name,p_value,significant,description,term_size,query_size,intersection_size,effective_domain_size,precision,recall,query,parents
GO:CC,GO:0005737,cytoplasm,2.3332217427274233e-07,True,"""The contents of a cell excluding the plasma membrane and nucleus, but including other subcellular structures."" [ISBN:0198547684]",11561,215,137,26995,0.6372093023255814,0.011850185970071793,query_1,"['GO:0005622', 'GO:0110165']"
GO:CC,GO:0043227,membrane-bounded organelle,3.4940234203961877e-07,True,"""Organized structure of distinctive morphology and function, bounded by a single or double lipid bilayer membrane. Includes the nucleus, mitochondria, plastids, vacuoles, and vesicles. Excludes the plasma membrane."" [GOC:go_curators]",14934,215,161,26995,0.7488372093023256,0.010780768715682336,query_1,['GO:0043226']
GO:CC,GO:0005622,intracellular anatomical structure,3.4940234203961877e-07,True,"""A component of a cell contained within (but not including) the plasma membrane. In eukaryotes it includes the nucleus and cytoplasm."" [ISBN:0198506732]",17412,215,178,26995,0.827906976744186,0.010222834826556398,query_1,['GO:0110165']
GO:CC,GO:0043226,organelle,2.755146305064511e-06,True,"""Organized structure of distinctive morphology and function. Includes the nucleus, mitochondria, plastids, vacuoles, vesicles, ribosomes and the cytoskeleton, and prokaryotic structures such as anammoxosomes and pirellulosomes. Excludes the plasma membrane."" [GOC:go_curators]",16169,215,167,26995,0.7767441860465116,0.010328406209413074,query_1,['GO:0110165']
GO:CC,GO:0043231,intracellular membrane-bounded organelle,3.326795177662115e-06,True,"""Organized structure of distinctive morphology and function, bounded by a single or double lipid bilayer membrane and occurring within the cell. Includes the nucleus, mitochondria, plastids, vacuoles, and vesicles. Excludes the plasma membrane."" [GOC:go_curators]",14435,215,154,26995,0.7162790697674418,0.010668514028403187,query_1,"['GO:0043227', 'GO:0043229']"
GO:MF,GO:0043167,ion binding,6.485004774728518e-06,True,"""Binding to an ion, a charged atoms or groups of atoms."" [GOC:jl]",6018,217,90,25063,0.4147465437788018,0.014955134596211365,query_1,['GO:0036094']
GO:MF,GO:0036094,small molecule binding,1.030010629298651e-05,True,"""Binding to a small molecule, any low molecular weight, monomeric, non-encoded molecule."" [GOC:curators, GOC:pde, GOC:pm]",6255,217,91,25063,0.41935483870967744,0.01454836131095124,query_1,['GO:0005488']
GO:CC,GO:0043229,intracellular organelle,1.3854452908281254e-05,True,"""Organized structure of distinctive morphology and function, occurring within the cell. Includes the nucleus, mitochondria, plastids, vacuoles, vesicles, ribosomes and the cytoskeleton. Excludes the plasma membrane."" [GOC:go_curators]",15836,215,162,26995,0.7534883720930232,0.010229856024248548,query_1,"['GO:0005622', 'GO:0043226']"
GO:CC,GO:0005654,nucleoplasm,1.3854452908281254e-05,True,"""That part of the nuclear content other than the chromosomes or the nucleolus."" [GOC:ma, ISBN:0124325653]",3883,215,60,26995,0.27906976744186046,0.01545197012619109,query_1,"['GO:0031981', 'GO:0110165']"
GO:BP,GO:0009628,response to abiotic stimulus,3.6756377056342236e-05,True,"""Any process that results in a change in state or activity of a cell or an organism (in terms of movement, secretion, enzyme production, gene expression, etc.) as a result of an abiotic (not derived from living organisms) stimulus."" [GOC:hb]",1300,212,32,26944,0.1509433962264151,0.024615384615384615,query_1,['GO:0050896']
GO:MF,GO:0005488,binding,5.0000539695421914e-05,True,"""The selective, non-covalent, often stoichiometric, interaction of a molecule with one or more specific sites on another molecule."" [GOC:ceb, GOC:mah, ISBN:0198506732]",16378,217,176,25063,0.8110599078341014,0.010746122847722554,query_1,['GO:0003674']
GO:CC,GO:0005829,cytosol,0.00016472153249666384,True,"""The part of the cytoplasm that does not contain organelles but which does contain other particulate matter, such as protein complexes."" [GOC:hjd, GOC:jl]",4105,215,59,26995,0.2744186046511628,0.014372716199756394,query_1,"['GO:0005737', 'GO:0110165']"
GO:CC,GO:0005634,nucleus,0.00017633282935513586,True,"""A membrane-bounded organelle of eukaryotic cells in which chromosomes are housed and replicated. In most cells, the nucleus contains all of the cell's chromosomes except the organellar chromosomes, and is the site of RNA synthesis and processing. In some species, or in specialized cell types, RNA metabolism or DNA replication may be absent."" [GOC:go_curators]",10059,215,113,26995,0.5255813953488372,0.011233721045829606,query_1,['GO:0043231']
GO:BP,GO:0006986,response to unfolded protein,0.00031530163863270594,True,"""Any process that results in a change in state or activity of a cell or an organism (in terms of movement, secretion, enzyme production, gene expression, etc.) as a result of an unfolded protein stimulus."" [GOC:jl]",112,212,9,26944,0.04245283018867924,0.08035714285714286,query_1,['GO:0035966']
GO:BP,GO:0033554,cellular response to stress,0.00031530163863270594,True,"""Any process that results in a change in state or activity of a cell (in terms of movement, secretion, enzyme production, gene expression, etc.) as a result of a stimulus indicating the organism is under stress. The stress is usually, but not necessarily, exogenous (e.g. temperature, humidity, ionizing radiation)."" [GOC:mah]",1799,212,36,26944,0.16981132075471697,0.020011117287381877,query_1,"['GO:0006950', 'GO:0051716']"
GO:MF,GO:0051087,protein-folding chaperone binding,0.0003157464593008176,True,"""Binding to a chaperone protein, a class of proteins that bind to nascent or unfolded polypeptides and ensure correct folding or transport."" [PMID:10585443]",164,217,10,25063,0.04608294930875576,0.06097560975609756,query_1,['GO:0005515']
GO:BP,GO:0006915,apoptotic process,0.00048205941227936035,True,"""A programmed cell death process which begins when a cell receives an internal (e.g. DNA damage) or external signal (e.g. an extracellular death ligand), and proceeds through a series of biochemical events (signaling pathway phase) which trigger an execution phase. The execution phase is the last step of an apoptotic process, and is typically characterized by rounding-up of the cell, retraction of pseudopodes, reduction of cellular volume (pyknosis), chromatin condensation, nuclear fragmentation (karyorrhexis), plasma membrane blebbing and fragmentation of the cell into apoptotic bodies. When the execution phase is completed, the cell has died."" [GOC:cjm, GOC:dhl, GOC:ecd, GOC:go_curators, GOC:mtg_apoptosis, GOC:tb, ISBN:0198506732, PMID:18846107, PMID:21494263]",2050,212,38,26944,0.1792452830188679,0.018536585365853658,query_1,['GO:0012501']
GO:BP,GO:0035966,response to topologically incorrect protein,0.00048205941227936035,True,"""Any process that results in a change in state or activity of a cell or an organism (in terms of movement, secretion, enzyme production, gene expression, etc.) as a result of a protein that is not folded in its correct three-dimensional structure."" [GOC:bf]",125,212,9,26944,0.04245283018867924,0.072,query_1,"['GO:0006950', 'GO:0010033']"
GO:MF,GO:0046872,metal ion binding,0.0005196248322202901,True,"""Binding to a metal ion."" [GOC:ai]",4176,217,63,25063,0.2903225806451613,0.015086206896551725,query_1,['GO:0043169']
GO:MF,GO:0005515,protein binding,0.0006115308587131638,True,"""Binding to a protein."" [GOC:go_curators]",10460,217,123,25063,0.5668202764976958,0.011759082217973232,query_1,['GO:0005488']
GO:MF,GO:0031072,heat shock protein binding,0.0006115308587131638,True,"""Binding to a heat shock protein, a protein synthesized or activated in response to heat shock."" [GOC:mah, GOC:vw]",147,217,9,25063,0.041474654377880185,0.061224489795918366,query_1,['GO:0005515']
GO:CC,GO:0031974,membrane-enclosed lumen,0.0006217765719679133,True,"""The enclosed volume within a sealed membrane or between two sealed membranes. Encompasses the volume enclosed by the membranes of a particular organelle, e.g. endoplasmic reticulum lumen, or the space between the two lipid bilayers of a double membrane surrounding an organelle, e.g. nuclear envelope lumen."" [GOC:add, GOC:mah]",6448,215,79,26995,0.3674418604651163,0.012251861042183622,query_1,['GO:0110165']
GO:CC,GO:0043233,organelle lumen,0.0006217765719679133,True,"""The internal volume enclosed by the membranes of a particular organelle; includes the volume enclosed by a single organelle membrane, e.g. endoplasmic reticulum lumen, or the volume enclosed by the innermost of the two lipid bilayers of an organelle envelope, e.g. nuclear lumen."" [GOC:jl, GOC:mah]",6448,215,79,26995,0.3674418604651163,0.012251861042183622,query_1,"['GO:0031974', 'GO:0043226']"
GO:CC,GO:0070013,intracellular organelle lumen,0.0006217765719679133,True,"""An organelle lumen that is part of an intracellular organelle."" [GOC:mah]",6447,215,79,26995,0.3674418604651163,0.012253761439429191,query_1,"['GO:0043229', 'GO:0043233']"
GO:CC,GO:0033018,sarcoplasmic reticulum lumen,0.0006301474533230357,True,"""The volume enclosed by the membranes of the sarcoplasmic reticulum."" [GOC:rph]",7,215,3,26995,0.013953488372093023,0.42857142857142855,query_1,"['GO:0005788', 'GO:0016529']"
GO:MF,GO:0043169,cation binding,0.0007177492847231778,True,"""Binding to a cation, a charged atom or group of atoms with a net positive charge."" [GOC:jl]",4277,217,63,25063,0.2903225806451613,0.014729950900163666,query_1,['GO:0043167']
GO:BP,GO:0012501,programmed cell death,0.0007644412449783042,True,"""A process which begins when a cell receives an internal or external signal and activates a series of biochemical events (signaling pathway). The process ends with the death of the cell."" [GOC:lr, GOC:mtg_apoptosis]",2125,212,38,26944,0.1792452830188679,0.01788235294117647,query_1,['GO:0008219']
GO:BP,GO:0008219,cell death,0.0007644412449783042,True,"""Any biological process that results in permanent cessation of all vital functions of a cell. A cell should be considered dead when any one of the following molecular or morphological criteria is met: (1) the cell has lost the integrity of its plasma membrane; (2) the cell, including its nucleus, has undergone complete fragmentation into discrete bodies (frequently referred to as apoptotic bodies). The cell corpse (or its fragments) may be engulfed by an adjacent cell in vivo, but engulfment of whole cells should not be considered a strict criteria to define cell death as, under some circumstances, live engulfed cells can be released from phagosomes (see PMID:18045538)."" [GOC:mah, GOC:mtg_apoptosis, PMID:25236395]",2125,212,38,26944,0.1792452830188679,0.01788235294117647,query_1,['GO:0009987']
GO:BP,GO:0006457,protein folding,0.0007952095466783713,True,"""The process of assisting in the covalent and noncovalent assembly of single chain polypeptides or multisubunit complexes into the correct tertiary structure."" [GOC:go_curators, GOC:rb]",183,212,10,26944,0.04716981132075472,0.0546448087431694,query_1,"['GO:0009987', 'GO:0051604']"
GO:BP,GO:0009416,response to light stimulus,0.0007952095466783713,True,"""Any process that results in a change in state or activity of a cell or an organism (in terms of movement, secretion, enzyme production, gene expression, etc.) as a result of a light stimulus, electromagnetic radiation of wavelengths classified as infrared, visible or ultraviolet light."" [GOC:go_curators, ISBN:0582227089]",322,212,13,26944,0.06132075471698113,0.040372670807453416,query_1,['GO:0009314']
GO:BP,GO:0050789,regulation of biological process,0.0007952095466783713,True,"""Any process that modulates the frequency, rate or extent of a biological process. Biological processes are regulated by many means; examples include the control of gene expression, protein modification or interaction with a protein or substrate molecule."" [GOC:ai, GOC:go_curators]",13144,212,137,26944,0.6462264150943396,0.010423006695069993,query_1,"['GO:0008150', 'GO:0065007']"
GO:MF,GO:0030544,Hsp70 protein binding,0.0010572610717231503,True,"""Binding to a Hsp70 protein, heat shock proteins around 70kDa in size."" [ISBN:0198506732]",60,217,6,25063,0.027649769585253458,0.1,query_1,"['GO:0031072', 'GO:0051087']"
GO:BP,GO:0050794,regulation of cellular process,0.001081036996545798,True,"""Any process that modulates the frequency, rate or extent of a cellular process, any of those that are carried out at the cellular level, but are not necessarily restricted to a single cell. For example, cell communication occurs among more than one cell, but occurs at the cellular level."" [GOC:go_curators]",12593,212,132,26944,0.6226415094339622,0.010482013817200032,query_1,"['GO:0009987', 'GO:0050789']"
GO:BP,GO:1901564,organonitrogen compound metabolic process,0.001081036996545798,True,"""The chemical reactions and pathways involving organonitrogen compound."" [GOC:pr, GOC:TermGenie]",5744,212,74,26944,0.3490566037735849,0.01288300835654596,query_1,"['GO:0006807', 'GO:0071704']"
GO:MF,GO:0003824,catalytic activity,0.0011872244206640632,True,"""Catalysis of a biochemical reaction at physiological temperatures. In biologically catalyzed reactions, the reactants are known as substrates, and the catalysts are naturally occurring macromolecular substances known as enzymes. Enzymes possess specific binding sites for substrates, and are usually composed wholly or largely of protein, but RNA that has catalytic activity (ribozyme) is often also regarded as enzymatic."" [GOC:vw, ISBN:0198506732]",5738,217,77,25063,0.3548387096774194,0.013419309864064134,query_1,['GO:0003674']
GO:BP,GO:0042981,regulation of apoptotic process,0.0018157734682047672,True,"""Any process that modulates the occurrence or rate of cell death by apoptotic process."" [GOC:jl, GOC:mtg_apoptosis]",1658,212,31,26944,0.14622641509433962,0.018697225572979495,query_1,"['GO:0006915', 'GO:0043067']"
GO:BP,GO:0043066,negative regulation of apoptotic process,0.001989468686927445,True,"""Any process that stops, prevents, or reduces the frequency, rate or extent of cell death by apoptotic process."" [GOC:jl, GOC:mtg_apoptosis]",1039,212,23,26944,0.10849056603773585,0.02213666987487969,query_1,"['GO:0006915', 'GO:0042981', 'GO:0043069']"
GO:BP,GO:0065007,biological regulation,0.001989468686927445,True,"""Any process that modulates a measurable attribute of any biological process, quality or function."" [GOC:dph, GOC:isa_complete, GOC:mah, GOC:pr, GOC:vw]",13527,212,138,26944,0.6509433962264151,0.010201818585052118,query_1,['GO:0008150']
GO:BP,GO:0023057,negative regulation of signaling,0.002210861163245818,True,"""Any process that stops, prevents, or reduces the frequency, rate or extent of a signaling process."" [GOC:mtg_signal]",1453,212,28,26944,0.1320754716981132,0.019270474879559532,query_1,"['GO:0023051', 'GO:0023052', 'GO:0048519']"
GO:BP,GO:0043067,regulation of programmed cell death,0.002210861163245818,True,"""Any process that modulates the frequency, rate or extent of programmed cell death, cell death resulting from activation of endogenous cellular processes."" [GOC:jl]",1707,212,31,26944,0.14622641509433962,0.01816051552431166,query_1,"['GO:0012501', 'GO:0050794']"
GO:BP,GO:0009314,response to radiation,0.002210861163245818,True,"""Any process that results in a change in state or activity of a cell or an organism (in terms of movement, secretion, enzyme production, gene expression, etc.) as a result of an electromagnetic radiation stimulus. Electromagnetic radiation is a propagating wave in space with electric and magnetic components. These components oscillate at right angles to each other and to the direction of propagation."" [GOC:jl, Wikipedia:Electromagnetic_radiation]",439,212,14,26944,0.0660377358490566,0.03189066059225513,query_1,['GO:0009628']
GO:BP,GO:0010648,negative regulation of cell communication,0.002210861163245818,True,"""Any process that decreases the frequency, rate or extent of cell communication. Cell communication is the process that mediates interactions between a cell and its surroundings. Encompasses interactions such as signaling or attachment between one cell and another cell, between a cell and an extracellular matrix, or between a cell and any other aspect of its environment."" [GOC:dph, GOC:tb]",1456,212,28,26944,0.1320754716981132,0.019230769230769232,query_1,"['GO:0007154', 'GO:0010646', 'GO:0048523']"
GO:BP,GO:0043069,negative regulation of programmed cell death,0.0022399310863160434,True,"""Any process that stops, prevents, or reduces the frequency, rate or extent of programmed cell death, cell death resulting from activation of endogenous cellular processes."" [GOC:jl]",1069,212,23,26944,0.10849056603773585,0.021515434985968196,query_1,"['GO:0012501', 'GO:0043067', 'GO:0048523']"
GO:BP,GO:0071702,organic substance transport,0.0022399310863160434,True,"""The directed movement of organic substances into, out of or within a cell, or between cells, or within a multicellular organism by means of some agent such as a transporter or pore. An organic substance is a molecular entity that contains carbon."" [GOC:mah]",2419,212,39,26944,0.18396226415094338,0.016122364613476645,query_1,['GO:0006810']
GO:BP,GO:0019538,protein metabolic process,0.0022770757319409743,True,"""The chemical reactions and pathways involving a protein. Includes protein modification."" [GOC:ma]",4698,212,62,26944,0.29245283018867924,0.01319710515112814,query_1,"['GO:0043170', 'GO:0044238', 'GO:1901564']"
GO:BP,GO:0033036,macromolecule localization,0.0022770757319409743,True,"""Any process in which a macromolecule is transported to, or maintained in, a specific location."" [GOC:mah]",3092,212,46,26944,0.2169811320754717,0.014877102199223804,query_1,['GO:0051179']
GO:BP,GO:0048518,positive regulation of biological process,0.0031366707694285576,True,"""Any process that activates or increases the frequency, rate or extent of a biological process. Biological processes are regulated by many means; examples include the control of gene expression, protein modification or interaction with a protein or substrate molecule."" [GOC:jid]",6589,212,79,26944,0.37264150943396224,0.01198967976931249,query_1,"['GO:0008150', 'GO:0050789']"
GO:BP,GO:0001666,response to hypoxia,0.0032431837878368784,True,"""Any process that results in a change in state or activity of a cell or an organism (in terms of movement, secretion, enzyme production, gene expression, etc.) as a result of a stimulus indicating lowered oxygen tension. Hypoxia, defined as a decline in O2 levels below normoxic levels of 20.8 - 20.95%, results in metabolic adaptation at both the cellular and organismal level."" [GOC:hjd]",350,212,12,26944,0.05660377358490566,0.03428571428571429,query_1,"['GO:0006950', 'GO:0036293']"
GO:BP,GO:0043484,regulation of RNA splicing,0.0032431837878368784,True,"""Any process that modulates the frequency, rate or extent of RNA splicing, the process of removing sections of the primary RNA transcript to remove sequences not present in the mature form of the RNA and joining the remaining sections to form the mature form of the RNA."" [GOC:jl]",193,212,9,26944,0.04245283018867924,0.046632124352331605,query_1,"['GO:0008380', 'GO:0010468', 'GO:0051252']"
GO:BP,GO:0009968,negative regulation of signal transduction,0.005397062442588985,True,"""Any process that stops, prevents, or reduces the frequency, rate or extent of signal transduction."" [GOC:sm]",1311,212,25,26944,0.1179245283018868,0.01906941266209001,query_1,"['GO:0007165', 'GO:0009966', 'GO:0010648', 'GO:0023057', 'GO:0048585']"
GO:MF,GO:0043168,anion binding,0.005606799820164296,True,"""Binding to an anion, a charged atom or group of atoms with a net negative charge."" [GOC:jl]",2483,217,40,25063,0.18433179723502305,0.016109544905356425,query_1,['GO:0043167']
GO:BP,GO:0051604,protein maturation,0.005679302452544028,True,"""Any process leading to the attainment of the full functional capacity of a protein."" [GOC:ai]",500,212,14,26944,0.0660377358490566,0.028,query_1,"['GO:0010467', 'GO:0019538']"
GO:BP,GO:0071456,cellular response to hypoxia,0.005679302452544028,True,"""Any process that results in a change in state or activity of a cell (in terms of movement, secretion, enzyme production, gene expression, etc.) as a result of a stimulus indicating lowered oxygen tension. Hypoxia, defined as a decline in O2 levels below normoxic levels of 20.8 - 20.95%, results in metabolic adaptation at both the cellular and organismal level."" [GOC:mah]",162,212,8,26944,0.03773584905660377,0.04938271604938271,query_1,"['GO:0001666', 'GO:0033554', 'GO:0036294']"
GO:BP,GO:0034620,cellular response to unfolded protein,0.00572168346713139,True,"""Any process that results in a change in state or activity of a cell (in terms of movement, secretion, enzyme production, gene expression, etc.) as a result of an unfolded protein stimulus."" [GOC:mah]",83,212,6,26944,0.02830188679245283,0.07228915662650602,query_1,"['GO:0006986', 'GO:0035967']"
GO:BP,GO:0006807,nitrogen compound metabolic process,0.00572168346713139,True,"""The chemical reactions and pathways involving organic or inorganic compounds that contain nitrogen."" [GOC:jl, ISBN:0198506732]",12143,212,124,26944,0.5849056603773585,0.010211644568887426,query_1,['GO:0008152']
GO:BP,GO:1900103,positive regulation of endoplasmic reticulum unfolded protein response,0.00572168346713139,True,"""Any process that activates or increases the frequency, rate or extent of endoplasmic reticulum unfolded protein response."" [GOC:TermGenie]",10,212,3,26944,0.014150943396226415,0.3,query_1,"['GO:0009967', 'GO:0030968', 'GO:1900101', 'GO:1905898']"
GO:BP,GO:1903332,regulation of protein folding,0.00572168346713139,True,"""Any process that modulates the frequency, rate or extent of protein folding."" [GO_REF:0000058, GOC:TermGenie, GOC:vw]",10,212,3,26944,0.014150943396226415,0.3,query_1,"['GO:0006457', 'GO:0050794']"
GO:BP,GO:1900101,regulation of endoplasmic reticulum unfolded protein response,0.00572168346713139,True,"""Any process that modulates the frequency, rate or extent of endoplasmic reticulum unfolded protein response."" [GOC:TermGenie]",26,212,4,26944,0.018867924528301886,0.15384615384615385,query_1,"['GO:0009966', 'GO:0030968', 'GO:1905897']"
GO:BP,GO:0036293,response to decreased oxygen levels,0.00572168346713139,True,"""Any process that results in a change in state or activity of a cell or an organism (in terms of movement, secretion, enzyme production, gene expression, etc.) as a result of a stimulus reflecting a decline in the level of oxygen."" [GOC:al]",383,212,12,26944,0.05660377358490566,0.031331592689295036,query_1,['GO:0070482']
GO:CC,GO:0005783,endoplasmic reticulum,0.005987936606205979,True,"""The irregular network of unit membranes, visible only by electron microscopy, that occurs in the cytoplasm of many eukaryotic cells. The membranes form a complex meshwork of tubular channels, which are often expanded into slitlike cavities called cisternae. The ER takes two forms, rough (or granular), with ribosomes adhering to the outer surface, and smooth (with no ribosomes attached)."" [ISBN:0198506732]",1861,215,30,26995,0.13953488372093023,0.016120365394948953,query_1,"['GO:0005737', 'GO:0012505', 'GO:0043231']"
GO:CC,GO:0031981,nuclear lumen,0.005987936606205979,True,"""The volume enclosed by the nuclear inner membrane."" [GOC:mah, GOC:pz]",5909,215,70,26995,0.32558139534883723,0.011846336097478422,query_1,"['GO:0005634', 'GO:0070013']"
GO:CC,GO:0043209,myelin sheath,0.006819384718582786,True,"""An electrically insulating fatty layer that surrounds the axons of many neurons. It is an outgrowth of glial cells: Schwann cells supply the myelin for peripheral neurons while oligodendrocytes supply it to those of the central nervous system."" [GOC:cjm, GOC:jl, NIF_Subcellular:sao593830697, Wikipedia:Myelin]",202,215,8,26995,0.037209302325581395,0.039603960396039604,query_1,['GO:0110165']
GO:BP,GO:0009987,cellular process,0.006930530395691999,True,"""Any process that is carried out at the cellular level, but not necessarily restricted to a single cell. For example, cell communication occurs among more than one cell, but occurs at the cellular level."" [GOC:go_curators, GOC:isa_complete]",20967,212,187,26944,0.8820754716981132,0.008918777125959843,query_1,['GO:0008150']
GO:MF,GO:0140662,ATP-dependent protein folding chaperone,0.007338456509340614,True,"""Binding to a protein or a protein-containing complex to assist the protein folding process, driven by ATP hydrolysis."" [PMID:27365453]",30,217,4,25063,0.018433179723502304,0.13333333333333333,query_1,"['GO:0044183', 'GO:0140657']"
GO:MF,GO:0051082,unfolded protein binding,0.007338456509340614,True,"""Binding to an unfolded protein."" [GOC:ai]",90,217,6,25063,0.027649769585253458,0.06666666666666667,query_1,['GO:0005515']
GO:MF,GO:0097367,carbohydrate derivative binding,0.007587046617713931,True,"""Binding to a carbohydrate derivative."" [GOC:pr]",2284,217,37,25063,0.17050691244239632,0.016199649737302976,query_1,['GO:0005488']
GO:MF,GO:0016787,hydrolase activity,0.007748127381184783,True,"""Catalysis of the hydrolysis of various bonds, e.g. C-O, C-N, C-C, phosphoric anhydride bonds, etc."" [ISBN:0198506732]",2477,217,39,25063,0.17972350230414746,0.015744852644327817,query_1,['GO:0003824']
GO:MF,GO:0051213,dioxygenase activity,0.007748127381184783,True,"""Catalysis of an oxidation-reduction (redox) reaction in which both atoms of oxygen from one molecule of O2 are incorporated into the (reduced) product(s) of the reaction. The two atoms of oxygen may be distributed between two different products."" [DOI:10.1016/S0040-4020(03)00944-X, GOC:bf]",94,217,6,25063,0.027649769585253458,0.06382978723404255,query_1,['GO:0016491']
GO:BP,GO:0048522,positive regulation of cellular process,0.008942602806241415,True,"""Any process that activates or increases the frequency, rate or extent of a cellular process, any of those that are carried out at the cellular level, but are not necessarily restricted to a single cell. For example, cell communication occurs among more than one cell, but occurs at the cellular level."" [GOC:jid]",6078,212,72,26944,0.33962264150943394,0.011846001974333662,query_1,"['GO:0009987', 'GO:0048518', 'GO:0050794']"
GO:BP,GO:0019222,regulation of metabolic process,0.009211922539830159,True,"""Any process that modulates the frequency, rate or extent of the chemical reactions and pathways within a cell or an organism."" [GOC:go_curators]",6882,212,79,26944,0.37264150943396224,0.01147922115664051,query_1,"['GO:0008152', 'GO:0050789']"
GO:BP,GO:0031323,regulation of cellular metabolic process,0.009211922539830159,True,"""Any process that modulates the frequency, rate or extent of the chemical reactions and pathways by which individual cells transform chemical substances."" [GOC:mah]",6425,212,75,26944,0.35377358490566035,0.011673151750972763,query_1,"['GO:0019222', 'GO:0044237', 'GO:0050794']"
GO:BP,GO:0035967,cellular response to topologically incorrect protein,0.009211922539830159,True,"""Any process that results in a change in state or activity of a cell (in terms of movement, secretion, enzyme production, gene expression, etc.) as a result of a protein that is not folded in its correct three-dimensional structure."" [GOC:bf]",94,212,6,26944,0.02830188679245283,0.06382978723404255,query_1,"['GO:0033554', 'GO:0035966', 'GO:0071310']"
GO:BP,GO:0071840,cellular component organization or biogenesis,0.009782252351634636,True,"""A process that results in the biosynthesis of constituent macromolecules, assembly, arrangement of constituent parts, or disassembly of a cellular component."" [GOC:mah]",7815,212,87,26944,0.41037735849056606,0.011132437619961612,query_1,['GO:0009987']
GO:MF,GO:0046914,transition metal ion binding,0.010317423617244022,True,"""Binding to a transition metal ions; a transition metal is an element whose atom has an incomplete d-subshell of extranuclear electrons, or which gives rise to a cation or cations with an incomplete d-subshell. Transition metals often have more than one valency state. Biologically relevant transition metals include vanadium, manganese, iron, copper, cobalt, nickel, molybdenum and silver."" [ISBN:0198506732]",1102,217,22,25063,0.10138248847926268,0.019963702359346643,query_1,['GO:0046872']
GO:BP,GO:0051179,localization,0.010584776448749465,True,"""Any process in which a cell, a substance, or a cellular entity, such as a protein complex or organelle, is transported, tethered to or otherwise maintained in a specific location. In the case of substances, localization may also be achieved via selective degradation."" [GOC:ai, GOC:dos]",5364,212,65,26944,0.30660377358490565,0.012117822520507084,query_1,['GO:0008150']
GO:BP,GO:0036294,cellular response to decreased oxygen levels,0.010959224902742168,True,"""Any process that results in a change in state or activity of a cell (in terms of movement, secretion, enzyme production, gene expression, etc.) as a result of a stimulus reflecting a decline in the level of oxygen."" [GOC:al]",189,212,8,26944,0.03773584905660377,0.042328042328042326,query_1,"['GO:0036293', 'GO:0071453']"
GO:BP,GO:0006913,nucleocytoplasmic transport,0.011303439861274895,True,"""The directed movement of molecules between the nucleus and the cytoplasm."" [GOC:go_curators]",360,212,11,26944,0.05188679245283019,0.030555555555555555,query_1,['GO:0051169']
GO:BP,GO:0051169,nuclear transport,0.011303439861274895,True,"""The directed movement of substances into, out of, or within the nucleus."" [GOC:ai]",360,212,11,26944,0.05188679245283019,0.030555555555555555,query_1,['GO:0046907']
GO:BP,GO:0080090,regulation of primary metabolic process,0.012030647429794069,True,"""Any process that modulates the frequency, rate or extent of the chemical reactions and pathways within a cell or an organism involving those compounds formed as a part of the normal anabolic and catabolic processes. These processes take place in most, if not all, cells of the organism."" [PMID:19211694]",5407,212,65,26944,0.30660377358490565,0.012021453671167005,query_1,"['GO:0019222', 'GO:0044238']"
GO:BP,GO:0006796,phosphate-containing compound metabolic process,0.012030647429794069,True,"""The chemical reactions and pathways involving the phosphate group, the anion or salt of any phosphoric acid."" [GOC:ai]",2428,212,36,26944,0.16981132075471697,0.014827018121911038,query_1,['GO:0006793']
GO:BP,GO:0048519,negative regulation of biological process,0.012378556804687732,True,"""Any process that stops, prevents, or reduces the frequency, rate or extent of a biological process. Biological processes are regulated by many means; examples include the control of gene expression, protein modification or interaction with a protein or substrate molecule."" [GOC:jid]",5966,212,70,26944,0.330188679245283,0.011733154542406973,query_1,"['GO:0008150', 'GO:0050789']"
GO:CC,GO:0032991,protein-containing complex,0.01239506591717588,True,"""A stable assembly of two or more macromolecules, i.e. proteins, nucleic acids, carbohydrates or lipids, in which at least one component is a protein and the constituent parts function together."" [GOC:dos, GOC:mah]",7427,215,82,26995,0.3813953488372093,0.011040797091692473,query_1,['GO:0005575']
GO:MF,GO:0031490,chromatin DNA binding,0.013621365883206421,True,"""Binding to DNA that is assembled into chromatin."" [GOC:mah]",107,217,6,25063,0.027649769585253458,0.056074766355140186,query_1,"['GO:0003677', 'GO:0003682']"
GO:BP,GO:0006793,phosphorus metabolic process,0.013769200713070844,True,"""The chemical reactions and pathways involving the nonmetallic element phosphorus or compounds that contain phosphorus, usually in the form of a phosphate group (PO4)."" [GOC:ai]",2450,212,36,26944,0.16981132075471697,0.014693877551020407,query_1,['GO:0044237']
GO:BP,GO:0051171,regulation of nitrogen compound metabolic process,0.014045023643127517,True,"""Any process that modulates the frequency, rate or extent of the chemical reactions and pathways involving nitrogen or nitrogenous compounds."" [GOC:ai, GOC:tb]",5229,212,63,26944,0.2971698113207547,0.012048192771084338,query_1,"['GO:0006807', 'GO:0019222']"
GO:CC,GO:0005788,endoplasmic reticulum lumen,0.015394768685549846,True,"""The volume enclosed by the membranes of the endoplasmic reticulum."" [ISBN:0198547684]",128,215,6,26995,0.027906976744186046,0.046875,query_1,"['GO:0005783', 'GO:0070013']"
GO:BP,GO:0044238,primary metabolic process,0.015979627438226656,True,"""The chemical reactions and pathways involving those compounds which are formed as a part of the normal anabolic and catabolic processes. These processes take place in most, if not all, cells of the organism."" [GOC:go_curators, http://www.metacyc.org]",12727,212,126,26944,0.5943396226415094,0.00990021214740316,query_1,['GO:0008152']
GO:BP,GO:0070482,response to oxygen levels,0.01600922019345251,True,"""Any process that results in a change in state or activity of a cell or an organism (in terms of movement, secretion, enzyme production, gene expression, etc.) as a result of a stimulus reflecting the presence, absence, or concentration of oxygen."" [GOC:BHF, GOC:mah]",447,212,12,26944,0.05660377358490566,0.026845637583892617,query_1,['GO:0009628']
GO:BP,GO:0048523,negative regulation of cellular process,0.01600922019345251,True,"""Any process that stops, prevents, or reduces the frequency, rate or extent of a cellular process, any of those that are carried out at the cellular level, but are not necessarily restricted to a single cell. For example, cell communication occurs among more than one cell, but occurs at the cellular level."" [GOC:jid]",5599,212,66,26944,0.3113207547169811,0.011787819253438114,query_1,"['GO:0009987', 'GO:0048519', 'GO:0050794']"
GO:BP,GO:0071453,cellular response to oxygen levels,0.01600922019345251,True,"""Any process that results in a change in state or activity of a cell (in terms of movement, secretion, enzyme production, gene expression, etc.) as a result of a stimulus reflecting the presence, absence, or concentration of oxygen."" [GOC:mah]",207,212,8,26944,0.03773584905660377,0.03864734299516908,query_1,"['GO:0070482', 'GO:0070887']"
GO:BP,GO:1905897,regulation of response to endoplasmic reticulum stress,0.01600922019345251,True,"""Any process that modulates the frequency, rate or extent of response to endoplasmic reticulum stress."" [GO_REF:0000058, GOC:aruk, GOC:bc, GOC:TermGenie, PMID:21803450]",71,212,5,26944,0.02358490566037736,0.07042253521126761,query_1,"['GO:0034976', 'GO:0080135']"
GO:MF,GO:0032564,dATP binding,0.016633369637085536,True,"""Binding to dATP, deoxyadenosine triphosphate."" [GOC:mah]",4,217,2,25063,0.009216589861751152,0.5,query_1,"['GO:0032558', 'GO:0043168']"
GO:BP,GO:0008104,protein localization,0.017424269579189293,True,"""Any process in which a protein is transported to, or maintained in, a specific location."" [GOC:ai]",2594,212,37,26944,0.17452830188679244,0.014263685427910563,query_1,['GO:0070727']
GO:MF,GO:1901363,heterocyclic compound binding,0.018101721531829467,True,"""Binding to heterocyclic compound."" [GOC:TermGenie]",2343,217,36,25063,0.16589861751152074,0.015364916773367477,query_1,['GO:0036094']
GO:MF,GO:0003729,mRNA binding,0.018131165926939898,True,"""Binding to messenger RNA (mRNA), an intermediate molecule between DNA and protein. mRNA includes UTR and coding sequences, but does not contain introns."" [GOC:kmv, GOC:pr, SO:0000234]",395,217,11,25063,0.05069124423963134,0.027848101265822784,query_1,['GO:0003723']
GO:MF,GO:0051879,Hsp90 protein binding,0.018131165926939898,True,"""Binding to Hsp90 proteins, any of a group of heat shock proteins around 90kDa in size."" [GOC:ai]",46,217,4,25063,0.018433179723502304,0.08695652173913043,query_1,['GO:0031072']
GO:MF,GO:0032553,ribonucleotide binding,0.018131165926939898,True,"""Binding to a ribonucleotide, any compound consisting of a ribonucleoside that is esterified with (ortho)phosphate or an oligophosphate at any hydroxyl group on the ribose moiety."" [GOC:mah]",1940,217,31,25063,0.14285714285714285,0.015979381443298968,query_1,"['GO:0000166', 'GO:0097367']"
GO:MF,GO:0032555,purine ribonucleotide binding,0.018131165926939898,True,"""Binding to a purine ribonucleotide, any compound consisting of a purine ribonucleoside that is esterified with (ortho)phosphate or an oligophosphate at any hydroxyl group on the ribose moiety."" [GOC:mah]",1921,217,31,25063,0.14285714285714285,0.016137428422696512,query_1,"['GO:0017076', 'GO:0032553']"
GO:MF,GO:0032558,adenyl deoxyribonucleotide binding,0.018131165926939898,True,"""Binding to an adenyl deoxyribonucleotide, any compound consisting of adenosine esterified with (ortho)phosphate or an oligophosphate at any hydroxyl group on the deoxyribose moiety."" [GOC:mah]",5,217,2,25063,0.009216589861751152,0.4,query_1,"['GO:0030554', 'GO:0032554']"
GO:MF,GO:0035639,purine ribonucleoside triphosphate binding,0.018131165926939898,True,"""Binding to a purine ribonucleoside triphosphate, a compound consisting of a purine base linked to a ribose sugar esterified with triphosphate on the sugar."" [GOC:BHF, GOC:ebc, ISBN:0198506732]",1841,217,30,25063,0.1382488479262673,0.016295491580662683,query_1,"['GO:0043168', 'GO:1901265', 'GO:1901363']"
GO:MF,GO:0043559,insulin binding,0.018131165926939898,True,"""Binding to insulin, a polypeptide hormone produced by the islets of Langerhans of the pancreas in mammals, and by the homologous organs of other organisms."" [ISBN:0198506732]",5,217,2,25063,0.009216589861751152,0.4,query_1,"['GO:0005515', 'GO:0017046']"
GO:MF,GO:0070095,fructose-6-phosphate binding,0.018131165926939898,True,"""Binding to fructose 6-phosphate."" [GOC:mah]",5,217,2,25063,0.009216589861751152,0.4,query_1,"['GO:0043168', 'GO:0097367']"
GO:MF,GO:0017076,purine nucleotide binding,0.018131165926939898,True,"""Binding to a purine nucleotide, a compound consisting of a purine nucleoside esterified with (ortho)phosphate."" [GOC:ai]",2040,217,32,25063,0.14746543778801843,0.01568627450980392,query_1,['GO:0000166']
GO:MF,GO:0097159,organic cyclic compound binding,0.018131165926939898,True,"""Binding to an organic cyclic compound, any molecular entity that contains carbon arranged in a cyclic molecular structure."" [GOC:sjw, PMID:7583672]",6937,217,82,25063,0.3778801843317972,0.011820671760126855,query_1,['GO:0005488']
GO:BP,GO:0051641,cellular localization,0.018132852868382798,True,"""A cellular localization process whereby a substance or cellular entity, such as a protein complex or organelle, is transported to, and/or maintained in, a specific location within a cell including the localization of substances or cellular entities to the cell membrane."" [GOC:tb, GOC:vw]",3502,212,46,26944,0.2169811320754717,0.013135351227869789,query_1,"['GO:0009987', 'GO:0051179']"
GO:BP,GO:0070727,cellular macromolecule localization,0.018132852868382798,True,"""Any process in which a macromolecule is transported to, and/or maintained in, a specific location at the level of a cell. Localization at the cellular level encompasses movement within the cell, from within the cell to the cell surface, or from one location to another at the surface of a cell."" [GOC:mah]",2604,212,37,26944,0.17452830188679244,0.014208909370199693,query_1,"['GO:0033036', 'GO:0051641']"
GO:BP,GO:0048024,"regulation of mRNA splicing, via spliceosome",0.019718670757754526,True,"""Any process that modulates the frequency, rate or extent of mRNA splicing via a spliceosomal mechanism."" [GOC:jid]",118,212,6,26944,0.02830188679245283,0.05084745762711865,query_1,"['GO:0000398', 'GO:0043484', 'GO:0050684']"
GO:BP,GO:0033365,protein localization to organelle,0.019718670757754526,True,"""A process in which a protein is transported to, or maintained in, a location within an organelle."" [GOC:mah]",996,212,19,26944,0.08962264150943396,0.019076305220883535,query_1,['GO:0008104']
GO:BP,GO:0044237,cellular metabolic process,0.019718670757754526,True,"""The chemical reactions and pathways by which individual cells transform chemical substances."" [GOC:go_curators]",12956,212,127,26944,0.5990566037735849,0.009802408150663786,query_1,"['GO:0008152', 'GO:0009987']"
GO:BP,GO:0061083,regulation of protein refolding,0.019718670757754526,True,"""Any process that regulates the rate, frequency, or extent of protein refolding. Protein refolding is the process carried out by a cell that restores the biological activity of an unfolded or misfolded protein, using helper proteins such as chaperones."" [GOC:dph, GOC:tb]",4,212,2,26944,0.009433962264150943,0.5,query_1,"['GO:0042026', 'GO:1903332']"
GO:BP,GO:0071705,nitrogen compound transport,0.019718670757754526,True,"""The directed movement of nitrogen-containing compounds into, out of or within a cell, or between cells, by means of some agent such as a transporter or pore."" [GOC:mah]",1959,212,30,26944,0.14150943396226415,0.015313935681470138,query_1,['GO:0006810']
GO:BP,GO:0002502,peptide antigen assembly with MHC class I protein complex,0.019718670757754526,True,"""The binding of a peptide to the antigen binding groove of an MHC class I protein complex. Class I here refers to classical class I molecules."" [GOC:add, ISBN:0781735149, PMID:15771591]",4,212,2,26944,0.009433962264150943,0.5,query_1,"['GO:0002397', 'GO:0002474', 'GO:0002501']"
GO:BP,GO:0002397,MHC class I protein complex assembly,0.019718670757754526,True,"""The aggregation, arrangement and bonding together of a set of components to form an MHC class I protein complex. Class I here refers to classical class I molecules."" [GOC:add, ISBN:0781735149, PMID:15771591]",4,212,2,26944,0.009433962264150943,0.5,query_1,['GO:0002396']
GO:BP,GO:1903334,positive regulation of protein folding,0.019718670757754526,True,"""Any process that activates or increases the frequency, rate or extent of protein folding."" [GO_REF:0000058, GOC:TermGenie, GOC:vw]",4,212,2,26944,0.009433962264150943,0.5,query_1,"['GO:0006457', 'GO:0048522', 'GO:1903332']"
GO:BP,GO:0051234,establishment of localization,0.019770424222196974,True,"""Any process that localizes a substance or cellular component. This may occur via movement, tethering or selective degradation."" [GOC:ai, GOC:dos]",4696,212,57,26944,0.2688679245283019,0.012137989778534924,query_1,['GO:0051179']
GO:MF,GO:0016818,"hydrolase activity, acting on acid anhydrides, in phosphorus-containing anhydrides",0.02076989101885338,True,"""Catalysis of the hydrolysis of any acid anhydride which contains phosphorus."" [GOC:jl]",754,217,16,25063,0.07373271889400922,0.021220159151193633,query_1,['GO:0016817']
GO:MF,GO:0016817,"hydrolase activity, acting on acid anhydrides",0.02076989101885338,True,"""Catalysis of the hydrolysis of any acid anhydride."" [GOC:jl]",754,217,16,25063,0.07373271889400922,0.021220159151193633,query_1,['GO:0016787']
GO:BP,GO:0070301,cellular response to hydrogen peroxide,0.020834758448430645,True,"""Any process that results in a change in state or activity of a cell (in terms of movement, secretion, enzyme production, gene expression, etc.) as a result of a hydrogen peroxide (H2O2) stimulus."" [CHEBI:16240, GOC:mah]",79,212,5,26944,0.02358490566037736,0.06329113924050633,query_1,"['GO:0034614', 'GO:0042542']"
GO:BP,GO:0042542,response to hydrogen peroxide,0.020834758448430645,True,"""Any process that results in a change in state or activity of a cell or an organism (in terms of movement, secretion, enzyme production, gene expression, etc.) as a result of a hydrogen peroxide (H2O2) stimulus."" [GOC:jl]",121,212,6,26944,0.02830188679245283,0.049586776859504134,query_1,"['GO:0000302', 'GO:0010035']"
GO:CC,GO:0031253,cell projection membrane,0.02109364395982229,True,"""The portion of the plasma membrane surrounding a plasma membrane bounded cell surface projection."" [GOC:krc, GOC:mah]",371,215,10,26995,0.046511627906976744,0.026954177897574125,query_1,"['GO:0098590', 'GO:0120025']"
GO:CC,GO:0016602,CCAAT-binding factor complex,0.021240496929677815,True,"""A heteromeric transcription factor complex that binds to the CCAAT-box upstream of promoters; functions as both an activator and a repressor, depending on its interacting cofactors. Typically trimeric consisting of NFYA, NFYB and NFYC subunits. In Saccharomyces, it activates the transcription of genes in response to growth in a nonfermentable carbon source and consists of four known subunits: HAP2, HAP3, HAP4 and HAP5."" [GOC:bhm, PMID:7828851]",6,215,2,26995,0.009302325581395349,0.3333333333333333,query_1,['GO:0090575']
GO:CC,GO:0098590,plasma membrane region,0.021240496929677815,True,"""A membrane that is a (regional) part of the plasma membrane."" [GOC:dos]",1408,215,23,26995,0.10697674418604651,0.016335227272727272,query_1,"['GO:0005886', 'GO:0016020']"
GO:MF,GO:0140096,"catalytic activity, acting on a protein",0.021523760702662684,True,"""Catalytic activity that acts to modify a protein."" [GOC:molecular_function_refactoring, GOC:pdt]",2341,217,35,25063,0.16129032258064516,0.0149508756941478,query_1,['GO:0003824']
GO:MF,GO:0032554,purine deoxyribonucleotide binding,0.022935533965928668,True,"""Binding to a purine deoxyribonucleotide, any compound consisting of a purine deoxyribonucleoside that is esterified with (ortho)phosphate or an oligophosphate at any hydroxyl group on the deoxyribose moiety."" [GOC:mah]",6,217,2,25063,0.009216589861751152,0.3333333333333333,query_1,"['GO:0017076', 'GO:0032552']"
GO:MF,GO:0048029,monosaccharide binding,0.022935533965928668,True,"""Binding to a monosaccharide. Monosaccharides are the simplest carbohydrates; they are polyhydroxy aldehydes H[CH(OH)]nC(=O)H or polyhydroxy ketones H[CHOH]nC(=O)[CHOH]mH with three or more carbon atoms. They form the constitutional repeating units of oligo- and polysaccharides."" [GOC:jid]",90,217,5,25063,0.02304147465437788,0.05555555555555555,query_1,"['GO:0030246', 'GO:0036094']"
GO:BP,GO:0070887,cellular response to chemical stimulus,0.02308189557729449,True,"""Any process that results in a change in state or activity of a cell (in terms of movement, secretion, enzyme production, gene expression, etc.) as a result of a chemical stimulus."" [GOC:mah]",3162,212,42,26944,0.19811320754716982,0.013282732447817837,query_1,"['GO:0042221', 'GO:0051716']"
GO:BP,GO:0007049,cell cycle,0.0235114592408136,True,"""The progression of biochemical and morphological phases and events that occur in a cell during successive cell replication or nuclear replication events. Canonically, the cell cycle comprises the replication and segregation of genetic material followed by the division of the cell, but in endocycles or syncytial cells nuclear replication or nuclear division may not be followed by cell division."" [GOC:go_curators, GOC:mtg_cell_cycle]",1808,212,28,26944,0.1320754716981132,0.015486725663716814,query_1,['GO:0009987']
GO:BP,GO:0045184,establishment of protein localization,0.024394295217116745,True,"""The directed movement of a protein to a specific location."" [GOC:bf]",1722,212,27,26944,0.12735849056603774,0.0156794425087108,query_1,"['GO:0008104', 'GO:0051234']"
GO:BP,GO:0008152,metabolic process,0.025978558352073022,True,"""The chemical reactions and pathways, including anabolism and catabolism, by which living organisms transform chemical substances. Metabolic processes typically transform small molecules, but also include macromolecular processes such as DNA repair and replication, and protein synthesis and degradation."" [GOC:go_curators, ISBN:0198547684]",14364,212,137,26944,0.6462264150943396,0.009537733221943748,query_1,['GO:0008150']
GO:CC,GO:0150034,distal axon,0.026523016943416085,True,"""That part of an axon close to and including the growth cone or the axon terminus."" [GOC:aruk, GOC:bc, PMID:17202468]",390,215,10,26995,0.046511627906976744,0.02564102564102564,query_1,"['GO:0030424', 'GO:0110165']"
GO:CC,GO:0048770,pigment granule,0.027003748653472458,True,"""A small, subcellular membrane-bounded vesicle containing pigment and/or pigment precursor molecules. Pigment granule biogenesis is poorly understood, as pigment granules are derived from multiple sources including the endoplasmic reticulum, coated vesicles, lysosomes, and endosomes."" [GOC:jid, GOC:mh]",103,215,5,26995,0.023255813953488372,0.04854368932038835,query_1,['GO:0031410']
GO:CC,GO:0042470,melanosome,0.027003748653472458,True,"""A tissue-specific, membrane-bounded cytoplasmic organelle within which melanin pigments are synthesized and stored. Melanosomes are synthesized in melanocyte cells."" [GOC:jl, PMID:11584301]",103,215,5,26995,0.023255813953488372,0.04854368932038835,query_1,['GO:0048770']
GO:CC,GO:0032993,protein-DNA complex,0.027003748653472458,True,"""A macromolecular complex containing both protein and DNA molecules."" [GOC:mah]",856,215,16,26995,0.07441860465116279,0.018691588785046728,query_1,['GO:0032991']
GO:CC,GO:0110165,cellular anatomical entity,0.027003748653472458,True,"""A part of a cellular organism that is either an immaterial entity or a material entity with granularity above the level of a protein complex but below that of an anatomical system. Or, a substance produced by a cellular organism with granularity above the level of a protein complex."" [GOC:kmv]",22653,215,196,26995,0.9116279069767442,0.008652275636781,query_1,['GO:0005575']
GO:BP,GO:0016310,phosphorylation,0.02827379797201617,True,"""The process of introducing a phosphate group into a molecule, usually with the formation of a phosphoric ester, a phosphoric anhydride or a phosphoric amide."" [ISBN:0198506732]",1470,212,24,26944,0.11320754716981132,0.0163265306122449,query_1,['GO:0006796']
GO:MF,GO:0042277,peptide binding,0.02837426031792847,True,"""Binding to a peptide, an organic compound comprising two or more amino acids linked by peptide bonds."" [GOC:jl]",367,217,10,25063,0.04608294930875576,0.027247956403269755,query_1,['GO:0033218']
GO:CC,GO:0000796,condensin complex,0.028410866674458517,True,"""A multisubunit protein complex that plays a central role in chromosome condensation in meiosis and mitosis."" [GOC:elh, PMID:17268547, PMID:21795393]",8,215,2,26995,0.009302325581395349,0.25,query_1,"['GO:0005694', 'GO:0032991']"
GO:CC,GO:0097651,"phosphatidylinositol 3-kinase complex, class I",0.028410866674458517,True,"""A phosphatidylinositol 3-kinase complex that contains a catalytic and a regulatory subunit of a phosphatidylinositol 3-kinase (PI3K) enzyme, plus one or more adaptor proteins. Class I PI3Ks phosphorylate phosphatidylinositol [PI], phosphatidylinositol-4-phosphate [PI(4)P] and phosphatidylinositol-4,5-bisphosphate [PI(4,5)P2], and are divided into subclasses A and B according to the type of adaptor subunit with which they associate. The class I PI3K subfamily of genes comprises members in vertebrates, worm and fly, but none in yeast."" [GOC:ha, PMID:24587488]",8,215,2,26995,0.009302325581395349,0.25,query_1,['GO:0005942']
GO:CC,GO:0005943,"phosphatidylinositol 3-kinase complex, class IA",0.028410866674458517,True,"""A class I phosphatidylinositol 3-kinase complex that possesses 1-phosphatidylinositol-4-phosphate 3-kinase activity; comprises a catalytic class IA phosphoinositide 3-kinase (PI3K) subunit and an associated SH2 domain-containing regulatory subunit that is a member of a family of related proteins often called p85 proteins. Through the interaction with the SH2-containing adaptor subunits, Class IA PI3K catalytic subunits are linked to tyrosine kinase signaling pathways."" [PMID:9255069, PMID:9759495]",8,215,2,26995,0.009302325581395349,0.25,query_1,['GO:0097651']
GO:MF,GO:0016860,intramolecular oxidoreductase activity,0.029097413812686698,True,"""Catalysis of an oxidation-reduction (redox) reaction in which the hydrogen donor and acceptor are the same molecule, and no oxidized product appears."" [EC:5.3.-.-, GOC:curators]",57,217,4,25063,0.018433179723502304,0.07017543859649122,query_1,['GO:0016853']
GO:MF,GO:0016706,2-oxoglutarate-dependent dioxygenase activity,0.029451277035114905,True,"""Catalysis of the reaction: A + 2-oxoglutarate + O2 = B + succinate + CO2. This is an oxidation-reduction (redox) reaction in which hydrogen or electrons are transferred from 2-oxoglutarate and one other donor, and one atom of oxygen is incorporated into each donor."" [GOC:mah]",58,217,4,25063,0.018433179723502304,0.06896551724137931,query_1,"['GO:0016705', 'GO:0051213']"
GO:MF,GO:0044183,protein folding chaperone,0.029451277035114905,True,"""Binding to a protein or a protein-containing complex to assist the protein folding process."" [GOC:mtg_cambridge_2009]",58,217,4,25063,0.018433179723502304,0.06896551724137931,query_1,['GO:0003674']
GO:MF,GO:0033218,amide binding,0.029702940250164653,True,"""Binding to an amide, any derivative of an oxoacid in which an acidic hydroxy group has been replaced by an amino or substituted amino group."" [GOC:mah]",440,217,11,25063,0.05069124423963134,0.025,query_1,['GO:0005488']
GO:BP,GO:0016043,cellular component organization,0.030368242469522272,True,"""A process that results in the assembly, arrangement of constituent parts, or disassembly of a cellular component."" [GOC:ai, GOC:jl, GOC:mah]",7612,212,82,26944,0.3867924528301887,0.010772464529689963,query_1,['GO:0071840']
GO:MF,GO:0140657,ATP-dependent activity,0.03238700320074666,True,"""A molecular function characterized by the coupling of ATP hydrolysis to other steps of a reaction mechanism to make the reaction energetically favorable, for example to catalyze a reaction or drive transport against a concentration gradient."" [PMID:24878343, PMID:25750732, PMID:32933017, PMID:33818025, PMID:33873056, PMID:33988324]",585,217,13,25063,0.059907834101382486,0.022222222222222223,query_1,['GO:0003674']
GO:CC,GO:0120025,plasma membrane bounded cell projection,0.03266542028964598,True,"""A prolongation or process extending from a cell and that is bounded by plasma membrane, e.g. a cilium, lamellipodium, or axon."" [GOC:krc]",2460,215,33,26995,0.15348837209302327,0.013414634146341463,query_1,['GO:0042995']
GO:CC,GO:0005790,smooth endoplasmic reticulum,0.03266542028964598,True,"""The smooth endoplasmic reticulum (smooth ER or SER) has no ribosomes attached to it. The smooth ER is the recipient of the proteins synthesized in the rough ER. Those proteins to be exported are passed to the Golgi complex, the resident proteins are returned to the rough ER and the lysosomal proteins after phosphorylation of their mannose residues are passed to the lysosomes. Glycosylation of the glycoproteins also continues. The smooth ER is the site of synthesis of lipids, including the phospholipids. The membranes of the smooth ER also contain enzymes that catalyze a series of reactions to detoxify both lipid-soluble drugs and harmful products of metabolism. Large quantities of certain compounds such as phenobarbital cause an increase in the amount of the smooth ER."" [ISBN:0198506732]",32,215,3,26995,0.013953488372093023,0.09375,query_1,['GO:0005783']
GO:MF,GO:0032552,deoxyribonucleotide binding,0.0335221771197424,True,"""Binding to a deoxyribonucleotide, any compound consisting of a deoxyribonucleoside that is esterified with (ortho)phosphate or an oligophosphate at any hydroxyl group on the deoxyribose moiety."" [GOC:mah]",8,217,2,25063,0.009216589861751152,0.25,query_1,"['GO:0000166', 'GO:0097367']"
GO:MF,GO:0031545,peptidyl-proline 4-dioxygenase activity,0.0335221771197424,True,"""Catalysis of the reaction: peptidyl L-proline + 2-oxoglutarate + O2 = peptidyl trans-4-hydroxy-L-proline + succinate + CO2."" [GOC:mah]",8,217,2,25063,0.009216589861751152,0.25,query_1,['GO:0031543']
GO:BP,GO:0006810,transport,0.03547093468140847,True,"""The directed movement of substances (such as macromolecules, small molecules, ions) or cellular components (such as complexes and organelles) into, out of or within a cell, or between cells, or within a multicellular organism by means of some agent such as a transporter or a transporter complex, a pore or a motor protein."" [GOC:dos, GOC:dph, GOC:jl, GOC:mah]",4397,212,53,26944,0.25,0.01205367295883557,query_1,['GO:0051234']
GO:BP,GO:0071704,organic substance metabolic process,0.035859799219257776,True,"""The chemical reactions and pathways involving an organic substance, any molecular entity containing carbon."" [GOC:mah]",13942,212,133,26944,0.6273584905660378,0.009539520872184765,query_1,['GO:0008152']
GO:MF,GO:0016462,pyrophosphatase activity,0.036221436288896194,True,"""Catalysis of the hydrolysis of a pyrophosphate bond (diphosphate bond) between two phosphate groups."" [GOC:curators, https://en.wikipedia.org/wiki/Pyrophosphatase]",752,217,15,25063,0.06912442396313365,0.0199468085106383,query_1,['GO:0016818']
GO:MF,GO:0005524,ATP binding,0.036221436288896194,True,"""Binding to ATP, adenosine 5'-triphosphate, a universally important coenzyme and enzyme regulator."" [ISBN:0198506732]",1490,217,24,25063,0.11059907834101383,0.016107382550335572,query_1,"['GO:0032559', 'GO:0035639']"
GO:MF,GO:0008270,zinc ion binding,0.036221436288896194,True,"""Binding to a zinc ion (Zn)."" [GOC:ai]",757,217,15,25063,0.06912442396313365,0.019815059445178335,query_1,['GO:0046914']
GO:MF,GO:0016887,ATP hydrolysis activity,0.036221436288896194,True,"""Catalysis of the reaction: ATP + H2O = ADP + H+ phosphate. ATP hydrolysis is used in some reactions as an energy source, for example to catalyze a reaction or drive transport against a concentration gradient."" [RHEA:13065]",397,217,10,25063,0.04608294930875576,0.02518891687657431,query_1,"['GO:0017111', 'GO:0140657']"
GO:MF,GO:0000166,nucleotide binding,0.036221436288896194,True,"""Binding to a nucleotide, any compound consisting of a nucleoside that is esterified with (ortho)phosphate or an oligophosphate at any hydroxyl group on the ribose or deoxyribose."" [GOC:mah, ISBN:0198547684]",2200,217,32,25063,0.14746543778801843,0.014545454545454545,query_1,"['GO:1901265', 'GO:1901363']"
GO:MF,GO:0032559,adenyl ribonucleotide binding,0.036221436288896194,True,"""Binding to an adenyl ribonucleotide, any compound consisting of adenosine esterified with (ortho)phosphate or an oligophosphate at any hydroxyl group on the ribose moiety."" [GOC:mah]",1560,217,25,25063,0.1152073732718894,0.016025641025641024,query_1,"['GO:0030554', 'GO:0032555']"
GO:MF,GO:0090554,phosphatidylcholine floppase activity,0.036221436288896194,True,"""Catalysis of the movement of phosphatidylcholine from the cytosolic to the exoplasmic leaftlet of a membrane, using energy from the hydrolysis of ATP."" [GOC:ab, PMID:16452632, RHEA:38583]",9,217,2,25063,0.009216589861751152,0.2222222222222222,query_1,"['GO:0008525', 'GO:0140328']"
GO:MF,GO:1901265,nucleoside phosphate binding,0.036221436288896194,True,"""Binding to nucleoside phosphate."" [GOC:TermGenie]",2200,217,32,25063,0.14746543778801843,0.014545454545454545,query_1,['GO:0097159']
GO:BP,GO:0051128,regulation of cellular component organization,0.036506070466808385,True,"""Any process that modulates the frequency, rate or extent of a process involved in the formation, arrangement of constituent parts, or disassembly of cell structures, including the plasma membrane and any external encapsulating structures such as the cell wall and cell envelope."" [GOC:ai]",2546,212,35,26944,0.1650943396226415,0.013747054202670856,query_1,"['GO:0016043', 'GO:0050794']"
GO:BP,GO:0007005,mitochondrion organization,0.03699824749273225,True,"""A process that is carried out at the cellular level which results in the assembly, arrangement of constituent parts, or disassembly of a mitochondrion; includes mitochondrial morphogenesis and distribution, and replication of the mitochondrial genome as well as synthesis of new mitochondrial components."" [GOC:dph, GOC:jl, GOC:mah, GOC:sgd_curators, PMID:9786946]",514,212,12,26944,0.05660377358490566,0.023346303501945526,query_1,['GO:0006996']
GO:MF,GO:0003677,DNA binding,0.037937820250621195,True,"""Any molecular function by which a gene product interacts selectively and non-covalently with DNA (deoxyribonucleic acid)."" [GOC:dph, GOC:jl, GOC:tb, GOC:vw]",2394,217,34,25063,0.15668202764976957,0.014202172096908938,query_1,['GO:0003676']
GO:BP,GO:0042026,protein refolding,0.03825426012899841,True,"""The process carried out by a cell that restores the biological activity of an unfolded or misfolded protein, using helper proteins such as chaperones."" [GOC:mb]",24,212,3,26944,0.014150943396226415,0.125,query_1,['GO:0006457']
GO:MF,GO:0030554,adenyl nucleotide binding,0.038880146332925594,True,"""Binding to an adenyl nucleotide, an adenosine esterified with (ortho)phosphate."" [ISBN:0198506732]",1678,217,26,25063,0.11981566820276497,0.015494636471990465,query_1,['GO:0017076']
GO:BP,GO:0043933,protein-containing complex organization,0.0392808307011452,True,"""Any process in which macromolecules aggregate, disaggregate, or are modified, resulting in the formation, disassembly, or alteration of a protein complex."" [GOC:mah]",3478,212,44,26944,0.20754716981132076,0.012650948821161587,query_1,['GO:0016043']
GO:BP,GO:0110104,mRNA alternative polyadenylation,0.0392808307011452,True,"""The process of generating multiple mRNA molecules with variable 3'-end length formation from a given pre-mRNA by differential use of cleavage and polyadenylation signals (pA signals)."" [GOC:ans, PMID:28453393, PMID:29276085]",6,212,2,26944,0.009433962264150943,0.3333333333333333,query_1,['GO:0031124']
GO:BP,GO:0050684,regulation of mRNA processing,0.04137968853139855,True,"""Any process that modulates the frequency, rate or extent of mRNA processing, those processes involved in the conversion of a primary mRNA transcript into a mature mRNA prior to its translation into polypeptide."" [GOC:ai]",143,212,6,26944,0.02830188679245283,0.04195804195804196,query_1,"['GO:0006397', 'GO:1903311']"
GO:MF,GO:0017111,ribonucleoside triphosphate phosphatase activity,0.04179713778367367,True,"""Catalysis of the reaction: a ribonucleoside triphosphate + H2O = a ribonucleoside diphosphate + H+ + phosphate."" [RHEA:23680]",697,217,14,25063,0.06451612903225806,0.020086083213773313,query_1,['GO:0016462']
GO:CC,GO:0016529,sarcoplasmic reticulum,0.04271609723177194,True,"""A fine reticular network of membrane-limited elements that pervades the sarcoplasm of a muscle cell; continuous over large portions of the cell and with the nuclear envelope; that part of the endoplasmic reticulum specialized for calcium release, uptake and storage."" [GOC:mtg_muscle, ISBN:0124325653, ISBN:0198547684]",74,215,4,26995,0.018604651162790697,0.05405405405405406,query_1,"['GO:0005783', 'GO:0016528']"
GO:CC,GO:0101031,protein folding chaperone complex,0.04271609723177194,True,"""A protein complex required for the non-covalent folding or unfolding, maturation, stabilization or assembly or disassembly of macromolecular structures. Usually active during or immediately after completion of translation. Many chaperone complexes contain heat shock proteins."" [GOC:bhm, PMID:21855797]",36,215,3,26995,0.013953488372093023,0.08333333333333333,query_1,['GO:0140535']
GO:CC,GO:0090575,RNA polymerase II transcription regulator complex,0.04458141515140453,True,"""A transcription factor complex that acts at a regulatory region of a gene transcribed by RNA polymerase II."" [GOC:tb]",239,215,7,26995,0.03255813953488372,0.029288702928870293,query_1,"['GO:0005667', 'GO:0140513']"
GO:BP,GO:0000381,"regulation of alternative mRNA splicing, via spliceosome",0.04621756974505587,True,"""Any process that modulates the frequency, rate or extent of alternative splicing of nuclear mRNAs."" [GOC:krc]",58,212,4,26944,0.018867924528301886,0.06896551724137931,query_1,"['GO:0000380', 'GO:0048024']"
GO:BP,GO:0048585,negative regulation of response to stimulus,0.04621756974505587,True,"""Any process that stops, prevents, or reduces the frequency, rate or extent of a response to a stimulus. Response to stimulus is a change in state or activity of a cell or an organism (in terms of movement, secretion, enzyme production, gene expression, etc.) as a result of a stimulus."" [GOC:jid]",1723,212,26,26944,0.12264150943396226,0.015089959373186303,query_1,"['GO:0048519', 'GO:0048583', 'GO:0050896']"
GO:BP,GO:0006950,response to stress,0.04621756974505587,True,"""Any process that results in a change in state or activity of a cell or an organism (in terms of movement, secretion, enzyme production, gene expression, etc.) as a result of a disturbance in organismal or cellular homeostasis, usually, but not necessarily, exogenous (e.g. temperature, humidity, ionizing radiation)."" [GOC:mah]",3936,212,48,26944,0.22641509433962265,0.012195121951219513,query_1,['GO:0050896']
GO:BP,GO:0006996,organelle organization,0.04621756974505587,True,"""A process that is carried out at the cellular level which results in the assembly, arrangement of constituent parts, or disassembly of an organelle within a cell. An organelle is an organized structure of distinctive morphology and function. Includes the nucleus, mitochondria, plastids, vacuoles, vesicles, ribosomes and the cytoskeleton. Excludes the plasma membrane."" [GOC:mah]",3518,212,44,26944,0.20754716981132076,0.012507106310403639,query_1,['GO:0016043']
GO:BP,GO:0007601,visual perception,0.04621756974505587,True,"""The series of events required for an organism to receive a visual stimulus, convert it to a molecular signal, and recognize and characterize the signal. Visual stimuli are detected in the form of photons and are processed to form an image."" [GOC:ai]",147,212,6,26944,0.02830188679245283,0.04081632653061224,query_1,['GO:0050953']
GO:BP,GO:0009966,regulation of signal transduction,0.04661026105437358,True,"""Any process that modulates the frequency, rate or extent of signal transduction."" [GOC:sm]",3005,212,39,26944,0.18396226415094338,0.0129783693843594,query_1,"['GO:0007165', 'GO:0010646', 'GO:0023051', 'GO:0048583']"
GO:CC,GO:0031526,brush border membrane,0.04707414969681003,True,"""The portion of the plasma membrane surrounding the brush border."" [GOC:mah]",78,215,4,26995,0.018604651162790697,0.05128205128205128,query_1,"['GO:0005903', 'GO:0031253']"
GO:CC,GO:0097731,9+0 non-motile cilium,0.04707414969681003,True,"""A non-motile cilium where the axoneme has a ring of nine outer microtubule doublets but no central microtubules (and is therefore called a 9+0 axoneme)."" [GOC:cilia, PMID:22118931]",126,215,5,26995,0.023255813953488372,0.03968253968253968,query_1,['GO:0097730']
GO:BP,GO:0050953,sensory perception of light stimulus,0.047198745352679344,True,"""The series of events required for an organism to receive a sensory light stimulus, convert it to a molecular signal, and recognize and characterize the signal. This is a neurological process."" [GOC:ai]",151,212,6,26944,0.02830188679245283,0.039735099337748346,query_1,['GO:0007600']
GO:BP,GO:0071824,protein-DNA complex organization,0.047198745352679344,True,"""Any process in which macromolecules aggregate, disaggregate, or are modified, resulting in the formation, disassembly, or alteration of a protein-DNA complex."" [GOC:mah]",856,212,16,26944,0.07547169811320754,0.018691588785046728,query_1,['GO:0043933']
GO:BP,GO:0033120,positive regulation of RNA splicing,0.047198745352679344,True,"""Any process that activates or increases the frequency, rate or extent of RNA splicing."" [GOC:mah]",60,212,4,26944,0.018867924528301886,0.06666666666666667,query_1,"['GO:0008380', 'GO:0010628', 'GO:0043484', 'GO:0051254']"
GO:BP,GO:0034504,protein localization to nucleus,0.047198745352679344,True,"""A process in which a protein transports or maintains the localization of another protein to the nucleus."" [GOC:ecd]",329,212,9,26944,0.04245283018867924,0.02735562310030395,query_1,['GO:0033365']
GO:BP,GO:0043549,regulation of kinase activity,0.047198745352679344,True,"""Any process that modulates the frequency, rate or extent of kinase activity, the catalysis of the transfer of a phosphate group, usually from ATP, to a substrate molecule."" [GOC:bf]",204,212,7,26944,0.0330188679245283,0.03431372549019608,query_1,"['GO:0042325', 'GO:0051338']"
GO:BP,GO:0044271,cellular nitrogen compound biosynthetic process,0.047198745352679344,True,"""The chemical reactions and pathways resulting in the formation of organic and inorganic nitrogenous compounds."" [GOC:jl, ISBN:0198506732]",4715,212,55,26944,0.25943396226415094,0.01166489925768823,query_1,"['GO:0034641', 'GO:0044249']"
GO:BP,GO:0007610,behavior,0.047198745352679344,True,"""The internally coordinated responses (actions or inactions) of animals (individuals or groups) to internal or external stimuli, via a mechanism that involves nervous system activity."" [GOC:ems, GOC:jl, ISBN:0395448956, PMID:20160973]",771,212,15,26944,0.07075471698113207,0.019455252918287938,query_1,['GO:0032501']
GO:BP,GO:1905898,positive regulation of response to endoplasmic reticulum stress,0.047198745352679344,True,"""Any process that activates or increases the frequency, rate or extent of response to endoplasmic reticulum stress."" [GO_REF:0000058, GOC:aruk, GOC:bc, GOC:TermGenie, PMID:21803450]",27,212,3,26944,0.014150943396226415,0.1111111111111111,query_1,"['GO:0034976', 'GO:0048522', 'GO:0048584', 'GO:1905897']"
GO:CC,GO:0071010,prespliceosome,0.04719998216287123,True,"""A spliceosomal complex that is formed by association of the 5' splice site and the branch point sequence with specific snRNPs. The prespliceosome includes many proteins in addition to those found in the bound snRNPs. Commitment to a given pair of 5' and 3' splice sites occurs at the time of prespliceosome formation. Prespliceosome complexes are not active for splicing, but are instead an early step in the assembly of a spliceosomal complex."" [GOC:ab, GOC:krc, GOC:mah, PMID:17332742, PMID:19239890]",12,215,2,26995,0.009302325581395349,0.16666666666666666,query_1,['GO:0005681']
GO:CC,GO:0071004,U2-type prespliceosome,0.04719998216287123,True,"""A spliceosomal complex that is formed by association of the 5' splice site with the U1 snRNP, while the branch point sequence is recognized by the U2 snRNP. The prespliceosome includes many proteins in addition to those found in the U1 and U2 snRNPs. Commitment to a given pair of 5' and 3' splice sites occurs at the time of prespliceosome formation."" [GOC:ab, GOC:krc, GOC:mah, PMID:17332742, PMID:19239890]",12,215,2,26995,0.009302325581395349,0.16666666666666666,query_1,"['GO:0005684', 'GO:0071010']"
GO:CC,GO:0043679,axon terminus,0.04719998216287123,True,"""Terminal inflated portion of the axon, containing the specialized apparatus necessary to release neurotransmitters. The axon terminus is considered to be the whole region of thickening and the terminal button is a specialized region of it."" [GOC:dph, GOC:jl]",185,215,6,26995,0.027906976744186046,0.032432432432432434,query_1,"['GO:0044306', 'GO:0098793', 'GO:0150034']"
GO:CC,GO:0042995,cell projection,0.04719998216287123,True,"""A prolongation or process extending from a cell, e.g. a flagellum or axon."" [GOC:jl, http://www.cogsci.princeton.edu/~wn/]",2564,215,33,26995,0.15348837209302327,0.012870514820592824,query_1,['GO:0110165']
GO:CC,GO:0022626,cytosolic ribosome,0.04719998216287123,True,"""A ribosome located in the cytosol."" [GOC:mtg_sensu]",130,215,5,26995,0.023255813953488372,0.038461538461538464,query_1,"['GO:0005829', 'GO:0005840']"
